Topic ID,Title,Fancy Title,Slug,Posts Count,Requested Amount,Status,Reply Count,Highest Post Number,Created At,Last Posted At,Views,Like Count,Tags,Last Poster Username,Category ID,posters,Original Poster ID
16617,[Wormhole][FINAL][STIP - Round 1],[Wormhole][FINAL][STIP - Round 1],wormhole-final-stip-round-1,26,"18,00,000",Passed,6,26,21-09-2023 00:57,10-02-2024 17:29,11537,64,[],dmitrii025,14,"[{'extras': None, 'description': 'Original Poster', 'user_id': 12644, 'primary_group_id': None, 'flair_group_id': None}, {'extras': None, 'description': 'Frequent Poster', 'user_id': 2455, 'primary_group_id': None, 'flair_group_id': None}, {'extras': None, 'description': 'Frequent Poster', 'user_id': 11821, 'primary_group_id': None, 'flair_group_id': None}, {'extras': None, 'description': 'Frequent Poster', 'user_id': 6319, 'primary_group_id': None, 'flair_group_id': None}, {'extras': 'latest', 'description': 'Most Recent Poster', 'user_id': 14763, 'primary_group_id': None, 'flair_group_id': None}]",12644
17162,[Rodeo Finance] [FINAL] [STIP - Round 1],[Rodeo Finance] [FINAL] [STIP - Round 1],rodeo-finance-final-stip-round-1,30,"2,50,000",Passed,10,30,26-09-2023 16:40,08-02-2024 06:17,2554,52,[],HWxFrank,14,"[{'extras': 'latest', 'description': 'Original Poster, Most Recent Poster', 'user_id': 11830, 'primary_group_id': None, 'flair_group_id': None}, {'extras': None, 'description': 'Frequent Poster', 'user_id': 6319, 'primary_group_id': None, 'flair_group_id': None}, {'extras': None, 'description': 'Frequent Poster', 'user_id': 12963, 'primary_group_id': None, 'flair_group_id': None}, {'extras': None, 'description': 'Frequent Poster', 'user_id': 8179, 'primary_group_id': None, 'flair_group_id': None}, {'extras': None, 'description': 'Frequent Poster', 'user_id': 3964, 'primary_group_id': None, 'flair_group_id': None}]",11830
16854,[Savvy] [FINAL] [STIP - Round 1],[Savvy] [FINAL] [STIP - Round 1],savvy-final-stip-round-1,32,"2,00,000",Passed,15,33,23-09-2023 16:32,31-01-2024 19:07,3029,46,['proposal'],SavvyDAO,14,"[{'extras': None, 'description': 'Original Poster', 'user_id': 12263, 'primary_group_id': None, 'flair_group_id': None}, {'extras': None, 'description': 'Frequent Poster', 'user_id': 12606, 'primary_group_id': None, 'flair_group_id': None}, {'extras': None, 'description': 'Frequent Poster', 'user_id': 13349, 'primary_group_id': None, 'flair_group_id': None}, {'extras': None, 'description': 'Frequent Poster', 'user_id': 6319, 'primary_group_id': None, 'flair_group_id': None}, {'extras': 'latest', 'description': 'Most Recent Poster', 'user_id': 13491, 'primary_group_id': None, 'flair_group_id': None}]",12263
16770,[StakeDAO] [FINAL] [STIP - Round 1],[StakeDAO] [FINAL] [STIP - Round 1],stakedao-final-stip-round-1,29,"2,00,000",Passed,15,30,22-09-2023 17:26,31-01-2024 16:45,2873,61,[],Hubirb,14,"[{'extras': None, 'description': 'Original Poster', 'user_id': 12755, 'primary_group_id': None, 'flair_group_id': None}, {'extras': None, 'description': 'Frequent Poster', 'user_id': 12606, 'primary_group_id': None, 'flair_group_id': None}, {'extras': None, 'description': 'Frequent Poster', 'user_id': 6319, 'primary_group_id': None, 'flair_group_id': None}, {'extras': None, 'description': 'Frequent Poster', 'user_id': 12929, 'primary_group_id': None, 'flair_group_id': None}, {'extras': 'latest', 'description': 'Most Recent Poster', 'user_id': 12864, 'primary_group_id': None, 'flair_group_id': None}]",12755
17426,[GMX] [FINAL] [STIP - Round 1],[GMX] [FINAL] [STIP - Round 1],gmx-final-stip-round-1,175,"1,40,00,000",Passed,76,183,27-09-2023 20:29,30-01-2024 08:53,17723,896,[],Shahria,14,"[{'extras': None, 'description': 'Original Poster', 'user_id': 7290, 'primary_group_id': None, 'flair_group_id': None}, {'extras': None, 'description': 'Frequent Poster', 'user_id': 11821, 'primary_group_id': None, 'flair_group_id': None}, {'extras': None, 'description': 'Frequent Poster', 'user_id': 13440, 'primary_group_id': None, 'flair_group_id': None}, {'extras': None, 'description': 'Frequent Poster', 'user_id': 12144, 'primary_group_id': None, 'flair_group_id': None}, {'extras': 'latest', 'description': 'Most Recent Poster', 'user_id': 14656, 'primary_group_id': None, 'flair_group_id': None}]",7290
17423,[REALM] [FINAL] [STIP - Round 1],[REALM] [FINAL] [STIP - Round 1],realm-final-stip-round-1,24,"3,00,000",Passed,11,24,27-09-2023 20:18,28-01-2024 23:28,3183,35,[],jona,14,"[{'extras': 'latest', 'description': 'Original Poster, Most Recent Poster', 'user_id': 13053, 'primary_group_id': None, 'flair_group_id': None}, {'extras': None, 'description': 'Frequent Poster', 'user_id': 11821, 'primary_group_id': None, 'flair_group_id': None}, {'extras': None, 'description': 'Frequent Poster', 'user_id': 13359, 'primary_group_id': None, 'flair_group_id': None}, {'extras': None, 'description': 'Frequent Poster', 'user_id': 6319, 'primary_group_id': None, 'flair_group_id': None}, {'extras': None, 'description': 'Frequent Poster', 'user_id': 3964, 'primary_group_id': None, 'flair_group_id': None}]",13053
16691,[Gamma] [FINAL] [STIP - Round 1],[Gamma] [FINAL] [STIP - Round 1],gamma-final-stip-round-1,33,"7,50,000",Passed,7,33,22-09-2023 02:53,17-01-2024 07:25,3819,108,['proposal'],ding,14,"[{'extras': None, 'description': 'Original Poster', 'user_id': 12711, 'primary_group_id': None, 'flair_group_id': None}, {'extras': None, 'description': 'Frequent Poster', 'user_id': 12401, 'primary_group_id': None, 'flair_group_id': None}, {'extras': None, 'description': 'Frequent Poster', 'user_id': 12648, 'primary_group_id': None, 'flair_group_id': None}, {'extras': None, 'description': 'Frequent Poster', 'user_id': 11825, 'primary_group_id': None, 'flair_group_id': None}, {'extras': 'latest', 'description': 'Most Recent Poster', 'user_id': 14532, 'primary_group_id': None, 'flair_group_id': None}]",12711
17203,[Umami Finance] [FINAL] [STIP - Round 1],[Umami Finance] [FINAL] [STIP - Round 1],umami-finance-final-stip-round-1,36,"7,50,000",Passed,7,37,26-09-2023 22:06,17-01-2024 06:55,3342,73,[],bol,14,"[{'extras': None, 'description': 'Original Poster', 'user_id': 12891, 'primary_group_id': None, 'flair_group_id': None}, {'extras': None, 'description': 'Frequent Poster', 'user_id': 13029, 'primary_group_id': None, 'flair_group_id': None}, {'extras': None, 'description': 'Frequent Poster', 'user_id': 6319, 'primary_group_id': None, 'flair_group_id': None}, {'extras': None, 'description': 'Frequent Poster', 'user_id': 11838, 'primary_group_id': None, 'flair_group_id': None}, {'extras': 'latest', 'description': 'Most Recent Poster', 'user_id': 14531, 'primary_group_id': None, 'flair_group_id': None}]",12891
17104,[ANGLE PROTOCOL] [FINAL] [STIP - Round 1],[ANGLE PROTOCOL] [FINAL] [STIP - Round 1],angle-protocol-final-stip-round-1,26,"7,00,000",Passed,7,26,26-09-2023 12:37,17-01-2024 06:39,2770,60,[],pzi,14,"[{'extras': None, 'description': 'Original Poster', 'user_id': 12417, 'primary_group_id': None, 'flair_group_id': None}, {'extras': None, 'description': 'Frequent Poster', 'user_id': 12401, 'primary_group_id': None, 'flair_group_id': None}, {'extras': None, 'description': 'Frequent Poster', 'user_id': 6319, 'primary_group_id': None, 'flair_group_id': None}, {'extras': None, 'description': 'Frequent Poster', 'user_id': 12710, 'primary_group_id': None, 'flair_group_id': None}, {'extras': 'latest', 'description': 'Most Recent Poster', 'user_id': 14530, 'primary_group_id': None, 'flair_group_id': None}]",12417
17561,[Galxe] [FINAL] [STIP - Round 1],[Galxe] [FINAL] [STIP - Round 1],galxe-final-stip-round-1,25,"5,00,000",Passed,8,25,28-09-2023 03:43,17-01-2024 05:54,3039,10,[],zen,14,"[{'extras': None, 'description': 'Original Poster', 'user_id': 13074, 'primary_group_id': None, 'flair_group_id': None}, {'extras': None, 'description': 'Frequent Poster', 'user_id': 6319, 'primary_group_id': None, 'flair_group_id': None}, {'extras': None, 'description': 'Frequent Poster', 'user_id': 13054, 'primary_group_id': None, 'flair_group_id': None}, {'extras': None, 'description': 'Frequent Poster', 'user_id': 8179, 'primary_group_id': None, 'flair_group_id': None}, {'extras': 'latest', 'description': 'Most Recent Poster', 'user_id': 14526, 'primary_group_id': None, 'flair_group_id': None}]",13074
17102,[Furucombo] [FINAL] [STIP - Round 1],[Furucombo] [FINAL] [STIP - Round 1],furucombo-final-stip-round-1,15,"59,500",Passed,3,18,26-09-2023 12:36,15-01-2024 05:09,1778,21,[],Blazar,14,"[{'extras': 'latest', 'description': 'Original Poster, Most Recent Poster', 'user_id': 12684, 'primary_group_id': None, 'flair_group_id': None}, {'extras': None, 'description': 'Frequent Poster', 'user_id': 6319, 'primary_group_id': None, 'flair_group_id': None}, {'extras': None, 'description': 'Frequent Poster', 'user_id': 12963, 'primary_group_id': None, 'flair_group_id': None}, {'extras': None, 'description': 'Frequent Poster', 'user_id': 8179, 'primary_group_id': None, 'flair_group_id': None}, {'extras': None, 'description': 'Frequent Poster', 'user_id': 3964, 'primary_group_id': None, 'flair_group_id': None}]",12684
16689,[Balancer] [FINAL] [STIP - Round 1],[Balancer] [FINAL] [STIP - Round 1],balancer-final-stip-round-1,57,"12,00,000",Passed,25,59,22-09-2023 02:44,20-12-2023 17:18,4578,109,[],Tritium,14,"[{'extras': 'latest', 'description': 'Original Poster, Most Recent Poster', 'user_id': 7393, 'primary_group_id': None, 'flair_group_id': None}, {'extras': None, 'description': 'Frequent Poster', 'user_id': 12791, 'primary_group_id': None, 'flair_group_id': None}, {'extras': None, 'description': 'Frequent Poster', 'user_id': 12880, 'primary_group_id': None, 'flair_group_id': None}, {'extras': None, 'description': 'Frequent Poster', 'user_id': 11835, 'primary_group_id': None, 'flair_group_id': None}, {'extras': None, 'description': 'Frequent Poster', 'user_id': 6319, 'primary_group_id': None, 'flair_group_id': None}]",7393
17550,[Synapse Protocol] [FINAL][STIP - Round 1],[Synapse Protocol] [FINAL][STIP - Round 1],synapse-protocol-final-stip-round-1,27,"20,00,000",Passed,9,27,28-09-2023 03:16,19-12-2023 13:32,3149,26,['proposal'],moses,14,"[{'extras': 'latest', 'description': 'Original Poster, Most Recent Poster', 'user_id': 13137, 'primary_group_id': None, 'flair_group_id': None}, {'extras': None, 'description': 'Frequent Poster', 'user_id': 13277, 'primary_group_id': None, 'flair_group_id': None}, {'extras': None, 'description': 'Frequent Poster', 'user_id': 4461, 'primary_group_id': None, 'flair_group_id': None}, {'extras': None, 'description': 'Frequent Poster', 'user_id': 6319, 'primary_group_id': None, 'flair_group_id': None}, {'extras': None, 'description': 'Frequent Poster', 'user_id': 3964, 'primary_group_id': None, 'flair_group_id': None}]",13137
17486,[Sanko GameCorp] [FINAL] [STIP - Round 1],[Sanko GameCorp] [FINAL] [STIP - Round 1],sanko-gamecorp-final-stip-round-1,37,"5,00,000",Passed,18,39,27-09-2023 23:56,18-12-2023 20:20,4456,98,[],SankoGameCorp,14,"[{'extras': 'latest', 'description': 'Original Poster, Most Recent Poster', 'user_id': 13109, 'primary_group_id': None, 'flair_group_id': None}, {'extras': None, 'description': 'Frequent Poster', 'user_id': 13112, 'primary_group_id': None, 'flair_group_id': None}, {'extras': None, 'description': 'Frequent Poster', 'user_id': 6319, 'primary_group_id': None, 'flair_group_id': None}, {'extras': None, 'description': 'Frequent Poster', 'user_id': 13691, 'primary_group_id': None, 'flair_group_id': None}, {'extras': None, 'description': 'Frequent Poster', 'user_id': 13771, 'primary_group_id': None, 'flair_group_id': None}]",13109
17314,[TIDE][FINAL][STIP - Round 1],[TIDE][FINAL][STIP - Round 1],tide-final-stip-round-1,17,"80,000",Passed,5,17,27-09-2023 12:25,18-12-2023 09:28,1858,16,[],silviob,14,"[{'extras': 'latest', 'description': 'Original Poster, Most Recent Poster', 'user_id': 13015, 'primary_group_id': None, 'flair_group_id': None}, {'extras': None, 'description': 'Frequent Poster', 'user_id': 6319, 'primary_group_id': None, 'flair_group_id': None}, {'extras': None, 'description': 'Frequent Poster', 'user_id': 13492, 'primary_group_id': None, 'flair_group_id': None}, {'extras': None, 'description': 'Frequent Poster', 'user_id': 12963, 'primary_group_id': None, 'flair_group_id': None}, {'extras': None, 'description': 'Frequent Poster', 'user_id': 3964, 'primary_group_id': None, 'flair_group_id': None}]",13015
17422,[Gains Network][FINAL][STIP - Round 1],[Gains Network][FINAL][STIP - Round 1],gains-network-final-stip-round-1,90,"70,00,000",Passed,51,92,27-09-2023 20:18,13-12-2023 22:06,5475,345,['proposal'],Lunaman,14,"[{'extras': 'latest', 'description': 'Original Poster, Most Recent Poster', 'user_id': 13086, 'primary_group_id': None, 'flair_group_id': None}, {'extras': None, 'description': 'Frequent Poster', 'user_id': 13231, 'primary_group_id': None, 'flair_group_id': None}, {'extras': None, 'description': 'Frequent Poster', 'user_id': 6319, 'primary_group_id': None, 'flair_group_id': None}, {'extras': None, 'description': 'Frequent Poster', 'user_id': 13259, 'primary_group_id': None, 'flair_group_id': None}, {'extras': None, 'description': 'Frequent Poster', 'user_id': 13201, 'primary_group_id': None, 'flair_group_id': None}]",13086
16856,[RAMSES] [FINAL] [STIP - Round 1],[RAMSES] [FINAL] [STIP - Round 1],ramses-final-stip-round-1,251,"12,48,000",Passed,199,312,23-09-2023 16:39,12-12-2023 13:01,9240,987,[],North,14,"[{'extras': 'latest', 'description': 'Original Poster, Most Recent Poster', 'user_id': 11957, 'primary_group_id': None, 'flair_group_id': None}, {'extras': None, 'description': 'Frequent Poster', 'user_id': 12791, 'primary_group_id': None, 'flair_group_id': None}, {'extras': None, 'description': 'Frequent Poster', 'user_id': 12831, 'primary_group_id': None, 'flair_group_id': None}, {'extras': None, 'description': 'Frequent Poster', 'user_id': 12401, 'primary_group_id': None, 'flair_group_id': None}, {'extras': None, 'description': 'Frequent Poster', 'user_id': 8089, 'primary_group_id': None, 'flair_group_id': None}]",11957
16836,[Thales] [FINAL] [STIP - Round 1],[Thales] [FINAL] [STIP - Round 1],thales-final-stip-round-1,20,"5,00,000",Passed,5,20,23-09-2023 09:11,11-12-2023 13:36,2600,39,['proposal'],padzank,14,"[{'extras': 'latest', 'description': 'Original Poster, Most Recent Poster', 'user_id': 12735, 'primary_group_id': None, 'flair_group_id': None}, {'extras': None, 'description': 'Frequent Poster', 'user_id': 6319, 'primary_group_id': None, 'flair_group_id': None}, {'extras': None, 'description': 'Frequent Poster', 'user_id': 12963, 'primary_group_id': None, 'flair_group_id': None}, {'extras': None, 'description': 'Frequent Poster', 'user_id': 12710, 'primary_group_id': None, 'flair_group_id': None}, {'extras': None, 'description': 'Frequent Poster', 'user_id': 3964, 'primary_group_id': None, 'flair_group_id': None}]",12735
17103,[Florence Finance] [FINAL] [STIP - Round 1],[Florence Finance] [FINAL] [STIP - Round 1],florence-finance-final-stip-round-1,12,"2,50,000",Passed,1,12,26-09-2023 12:36,30-11-2023 11:38,1852,5,['proposal'],rufanyia,14,"[{'extras': None, 'description': 'Original Poster', 'user_id': 12923, 'primary_group_id': None, 'flair_group_id': None}, {'extras': None, 'description': 'Frequent Poster', 'user_id': 6319, 'primary_group_id': None, 'flair_group_id': None}, {'extras': None, 'description': 'Frequent Poster', 'user_id': 12183, 'primary_group_id': None, 'flair_group_id': None}, {'extras': None, 'description': 'Frequent Poster', 'user_id': 12963, 'primary_group_id': None, 'flair_group_id': None}, {'extras': 'latest', 'description': 'Most Recent Poster', 'user_id': 14168, 'primary_group_id': None, 'flair_group_id': None}]",12923
17317,[KyberSwap] [FINAL] [STIP - Round 1],[KyberSwap] [FINAL] [STIP - Round 1],kyberswap-final-stip-round-1,35,"15,00,000",Passed,11,37,27-09-2023 12:33,18-11-2023 06:19,3714,118,[],peter,14,"[{'extras': None, 'description': 'Original Poster', 'user_id': 9666, 'primary_group_id': None, 'flair_group_id': None}, {'extras': None, 'description': 'Frequent Poster', 'user_id': 11821, 'primary_group_id': None, 'flair_group_id': None}, {'extras': None, 'description': 'Frequent Poster', 'user_id': 13085, 'primary_group_id': None, 'flair_group_id': None}, {'extras': None, 'description': 'Frequent Poster', 'user_id': 6319, 'primary_group_id': None, 'flair_group_id': None}, {'extras': 'latest', 'description': 'Most Recent Poster', 'user_id': 10290, 'primary_group_id': None, 'flair_group_id': None}]",9666
17342,[Socket] [FINAL] [STIP - Round 1],[Socket] [FINAL] [STIP - Round 1],socket-final-stip-round-1,27,"10,00,000",Passed,7,27,27-09-2023 14:39,06-11-2023 11:03,3583,29,[],sriram,14,"[{'extras': 'latest', 'description': 'Original Poster, Most Recent Poster', 'user_id': 13036, 'primary_group_id': None, 'flair_group_id': None}, {'extras': None, 'description': 'Frequent Poster', 'user_id': 4461, 'primary_group_id': None, 'flair_group_id': None}, {'extras': None, 'description': 'Frequent Poster', 'user_id': 6319, 'primary_group_id': None, 'flair_group_id': None}, {'extras': None, 'description': 'Frequent Poster', 'user_id': 8179, 'primary_group_id': None, 'flair_group_id': None}, {'extras': None, 'description': 'Frequent Poster', 'user_id': 3964, 'primary_group_id': None, 'flair_group_id': None}]",13036
16929,[RADIANT] [FINAL] [STIP - Round 1],[RADIANT] [FINAL] [STIP - Round 1],radiant-final-stip-round-1,48,"28,52,044",Passed,17,48,25-09-2023 05:10,06-11-2023 18:14,7003,149,[],RadiantDAO,14,"[{'extras': 'latest', 'description': 'Original Poster, Most Recent Poster', 'user_id': 12630, 'primary_group_id': None, 'flair_group_id': None}, {'extras': None, 'description': 'Frequent Poster', 'user_id': 11825, 'primary_group_id': None, 'flair_group_id': None}, {'extras': None, 'description': 'Frequent Poster', 'user_id': 6319, 'primary_group_id': None, 'flair_group_id': None}, {'extras': None, 'description': 'Frequent Poster', 'user_id': 12897, 'primary_group_id': None, 'flair_group_id': None}, {'extras': None, 'description': 'Frequent Poster', 'user_id': 12196, 'primary_group_id': None, 'flair_group_id': None}]",12630
16763,[Good Entry][FINAL][STIP - Round 1],[Good Entry][FINAL][STIP - Round 1],good-entry-final-stip-round-1,67,"2,00,000",Passed,25,69,22-09-2023 16:41,06-11-2023 09:37,4835,126,[],masterbean,14,"[{'extras': 'latest', 'description': 'Original Poster, Most Recent Poster', 'user_id': 12422, 'primary_group_id': None, 'flair_group_id': None}, {'extras': None, 'description': 'Frequent Poster', 'user_id': 12757, 'primary_group_id': None, 'flair_group_id': None}, {'extras': None, 'description': 'Frequent Poster', 'user_id': 12431, 'primary_group_id': None, 'flair_group_id': None}, {'extras': None, 'description': 'Frequent Poster', 'user_id': 6319, 'primary_group_id': None, 'flair_group_id': None}, {'extras': None, 'description': 'Frequent Poster', 'user_id': 12798, 'primary_group_id': None, 'flair_group_id': None}]",12422
17200,[Camelot] [FINAL] [STIP - Round 1],[Camelot] [FINAL] [STIP - Round 1],camelot-final-stip-round-1,66,"30,90,000",Passed,27,76,26-09-2023 21:45,06-11-2023 04:52,5983,272,[],Camelot,14,"[{'extras': 'latest', 'description': 'Original Poster, Most Recent Poster', 'user_id': 7373, 'primary_group_id': None, 'flair_group_id': None}, {'extras': None, 'description': 'Frequent Poster', 'user_id': 12856, 'primary_group_id': None, 'flair_group_id': None}, {'extras': None, 'description': 'Frequent Poster', 'user_id': 11437, 'primary_group_id': None, 'flair_group_id': None}, {'extras': None, 'description': 'Frequent Poster', 'user_id': 6319, 'primary_group_id': None, 'flair_group_id': None}, {'extras': None, 'description': 'Frequent Poster', 'user_id': 13007, 'primary_group_id': None, 'flair_group_id': None}]",7373
17504,[Premia] [FINAL] [STIP - Round 1],[Premia] [FINAL] [STIP - Round 1],premia-final-stip-round-1,24,"9,00,000",Passed,5,27,28-09-2023 01:19,31-10-2023 23:26,3103,51,[],dk3,14,"[{'extras': 'latest', 'description': 'Original Poster, Most Recent Poster', 'user_id': 7486, 'primary_group_id': None, 'flair_group_id': None}, {'extras': None, 'description': 'Frequent Poster', 'user_id': 6319, 'primary_group_id': None, 'flair_group_id': None}, {'extras': None, 'description': 'Frequent Poster', 'user_id': 12963, 'primary_group_id': None, 'flair_group_id': None}, {'extras': None, 'description': 'Frequent Poster', 'user_id': 8179, 'primary_group_id': None, 'flair_group_id': None}, {'extras': None, 'description': 'Frequent Poster', 'user_id': 3964, 'primary_group_id': None, 'flair_group_id': None}]",7486
17564,[OpenOcean] [FINAL] [STIP - Round 1],[OpenOcean] [FINAL] [STIP - Round 1],openocean-final-stip-round-1,11,"5,00,000",Passed,5,12,28-09-2023 03:47,28-10-2023 15:54,2521,1,[],sdsvfdv3eef,14,"[{'extras': None, 'description': 'Original Poster', 'user_id': 13054, 'primary_group_id': None, 'flair_group_id': None}, {'extras': None, 'description': 'Frequent Poster', 'user_id': 12606, 'primary_group_id': None, 'flair_group_id': None}, {'extras': None, 'description': 'Frequent Poster', 'user_id': 6319, 'primary_group_id': None, 'flair_group_id': None}, {'extras': None, 'description': 'Frequent Poster', 'user_id': 12183, 'primary_group_id': None, 'flair_group_id': None}, {'extras': 'latest', 'description': 'Most Recent Poster', 'user_id': 13889, 'primary_group_id': None, 'flair_group_id': None}]",13054
17013,[Trader Joe] [FINAL] [STIP - Round 1],[Trader Joe] [FINAL] [STIP - Round 1],trader-joe-final-stip-round-1,40,"15,10,000",Passed,7,40,25-09-2023 20:08,25-10-2023 20:51,5214,95,[],traderjoe,14,"[{'extras': 'latest', 'description': 'Original Poster, Most Recent Poster', 'user_id': 12739, 'primary_group_id': None, 'flair_group_id': None}, {'extras': None, 'description': 'Frequent Poster', 'user_id': 6319, 'primary_group_id': None, 'flair_group_id': None}, {'extras': None, 'description': 'Frequent Poster', 'user_id': 11825, 'primary_group_id': None, 'flair_group_id': None}, {'extras': None, 'description': 'Frequent Poster', 'user_id': 3964, 'primary_group_id': None, 'flair_group_id': None}, {'extras': None, 'description': 'Frequent Poster', 'user_id': 13748, 'primary_group_id': None, 'flair_group_id': None}]",12739
16981,[LODESTAR FINANCE] [FINAL] [STIP - Round 1],[LODESTAR FINANCE] [FINAL] [STIP - Round 1],lodestar-finance-final-stip-round-1,29,"7,50,000",Passed,3,29,25-09-2023 15:35,23-10-2023 14:27,3295,56,[],LodestarFinanceDAO,14,"[{'extras': 'latest', 'description': 'Original Poster, Most Recent Poster', 'user_id': 11953, 'primary_group_id': None, 'flair_group_id': None}, {'extras': None, 'description': 'Frequent Poster', 'user_id': 12207, 'primary_group_id': None, 'flair_group_id': None}, {'extras': None, 'description': 'Frequent Poster', 'user_id': 6319, 'primary_group_id': None, 'flair_group_id': None}, {'extras': None, 'description': 'Frequent Poster', 'user_id': 12710, 'primary_group_id': None, 'flair_group_id': None}, {'extras': None, 'description': 'Frequent Poster', 'user_id': 3964, 'primary_group_id': None, 'flair_group_id': None}]",11953
17146,[Jones DAO] [FINAL] [STIP - Round 1],[Jones DAO] [FINAL] [STIP - Round 1],jones-dao-final-stip-round-1,46,"2,00,000",Passed,13,47,26-09-2023 15:35,19-10-2023 03:12,3438,253,[],sahijeevan,14,"[{'extras': None, 'description': 'Original Poster', 'user_id': 12187, 'primary_group_id': None, 'flair_group_id': None}, {'extras': None, 'description': 'Frequent Poster', 'user_id': 11824, 'primary_group_id': None, 'flair_group_id': None}, {'extras': None, 'description': 'Frequent Poster', 'user_id': 6319, 'primary_group_id': None, 'flair_group_id': None}, {'extras': None, 'description': 'Frequent Poster', 'user_id': 11927, 'primary_group_id': None, 'flair_group_id': None}, {'extras': 'latest', 'description': 'Most Recent Poster', 'user_id': 12648, 'primary_group_id': None, 'flair_group_id': None}]",12187
17539,[Thetanuts Finance] [FINAL] [STIP - Round 1],[Thetanuts Finance] [FINAL] [STIP - Round 1],thetanuts-finance-final-stip-round-1,8,"2,00,000",Passed,0,8,28-09-2023 02:56,18-10-2023 17:42,2996,19,[],FHURIK,14,"[{'extras': None, 'description': 'Original Poster', 'user_id': 13118, 'primary_group_id': None, 'flair_group_id': None}, {'extras': None, 'description': 'Frequent Poster', 'user_id': 6319, 'primary_group_id': None, 'flair_group_id': None}, {'extras': None, 'description': 'Frequent Poster', 'user_id': 12183, 'primary_group_id': None, 'flair_group_id': None}, {'extras': None, 'description': 'Frequent Poster', 'user_id': 3964, 'primary_group_id': None, 'flair_group_id': None}, {'extras': 'latest', 'description': 'Most Recent Poster', 'user_id': 13785, 'primary_group_id': None, 'flair_group_id': None}]",13118
16679,[Beefy] [FINAL] [STIP - Round 1],[Beefy] [FINAL] [STIP - Round 1],beefy-final-stip-round-1,43,"9,00,000",Passed,17,43,21-09-2023 22:21,15-10-2023 14:40,2976,151,['proposal'],sahijeevan,14,"[{'extras': None, 'description': 'Original Poster', 'user_id': 12669, 'primary_group_id': None, 'flair_group_id': None}, {'extras': None, 'description': 'Frequent Poster', 'user_id': 12401, 'primary_group_id': None, 'flair_group_id': None}, {'extras': None, 'description': 'Frequent Poster', 'user_id': 12748, 'primary_group_id': None, 'flair_group_id': None}, {'extras': None, 'description': 'Frequent Poster', 'user_id': 12831, 'primary_group_id': None, 'flair_group_id': None}, {'extras': 'latest', 'description': 'Most Recent Poster', 'user_id': 12648, 'primary_group_id': None, 'flair_group_id': None}]",12669
17408,[ZKasino] [FINAL] [STIP - Round 1],[ZKasino] [FINAL] [STIP - Round 1],zkasino-final-stip-round-1,26,"3,00,000",Failed,15,28,27-09-2023 18:56,13-10-2023 16:13,2276,23,['proposal'],0xetwas,14,"[{'extras': 'latest', 'description': 'Original Poster, Most Recent Poster', 'user_id': 13044, 'primary_group_id': None, 'flair_group_id': None}, {'extras': None, 'description': 'Frequent Poster', 'user_id': 11821, 'primary_group_id': None, 'flair_group_id': None}, {'extras': None, 'description': 'Frequent Poster', 'user_id': 6319, 'primary_group_id': None, 'flair_group_id': None}, {'extras': None, 'description': 'Frequent Poster', 'user_id': 7334, 'primary_group_id': None, 'flair_group_id': None}, {'extras': None, 'description': 'Frequent Poster', 'user_id': 3964, 'primary_group_id': None, 'flair_group_id': None}]",13044
17435,[Vertex Protocol] [FINAL] [STIP - Round 1],[Vertex Protocol] [FINAL] [STIP - Round 1],vertex-protocol-final-stip-round-1,71,"20,00,000",Passed,40,79,27-09-2023 20:51,13-10-2023 13:07,5821,175,[],LootCapital,14,"[{'extras': None, 'description': 'Original Poster', 'user_id': 12501, 'primary_group_id': None, 'flair_group_id': None}, {'extras': None, 'description': 'Frequent Poster', 'user_id': 13201, 'primary_group_id': None, 'flair_group_id': None}, {'extras': None, 'description': 'Frequent Poster', 'user_id': 13294, 'primary_group_id': None, 'flair_group_id': None}, {'extras': None, 'description': 'Frequent Poster', 'user_id': 12228, 'primary_group_id': None, 'flair_group_id': None}, {'extras': 'latest', 'description': 'Most Recent Poster', 'user_id': 12910, 'primary_group_id': None, 'flair_group_id': None}]",12501
17388,[Perennial Finance] [FINAL] [STIP - Round 1],[Perennial Finance] [FINAL] [STIP - Round 1],perennial-finance-final-stip-round-1,21,"7,50,000",Passed,6,21,27-09-2023 17:04,13-10-2023 10:27,2593,43,[],lewi,14,"[{'extras': 'latest', 'description': 'Original Poster, Most Recent Poster', 'user_id': 12607, 'primary_group_id': None, 'flair_group_id': None}, {'extras': None, 'description': 'Frequent Poster', 'user_id': 6319, 'primary_group_id': None, 'flair_group_id': None}, {'extras': None, 'description': 'Frequent Poster', 'user_id': 12710, 'primary_group_id': None, 'flair_group_id': None}, {'extras': None, 'description': 'Frequent Poster', 'user_id': 8179, 'primary_group_id': None, 'flair_group_id': None}, {'extras': None, 'description': 'Frequent Poster', 'user_id': 3964, 'primary_group_id': None, 'flair_group_id': None}]",12607
17563,[Quadrat] [FINAL] [STIP - Round 1],[Quadrat] [FINAL] [STIP - Round 1],quadrat-final-stip-round-1,19,"10,00,000",Failed,7,19,28-09-2023 03:44,13-10-2023 01:42,1904,9,['proposal'],0xPlasma,14,"[{'extras': 'latest', 'description': 'Original Poster, Most Recent Poster', 'user_id': 11917, 'primary_group_id': None, 'flair_group_id': None}, {'extras': None, 'description': 'Frequent Poster', 'user_id': 11821, 'primary_group_id': None, 'flair_group_id': None}, {'extras': None, 'description': 'Frequent Poster', 'user_id': 6319, 'primary_group_id': None, 'flair_group_id': None}, {'extras': None, 'description': 'Frequent Poster', 'user_id': 12183, 'primary_group_id': None, 'flair_group_id': None}, {'extras': None, 'description': 'Frequent Poster', 'user_id': 3964, 'primary_group_id': None, 'flair_group_id': None}]",11917
17150,[iZUMi Finance] [FINAL] [STIP - Round 1],[iZUMi Finance] [FINAL] [STIP - Round 1],izumi-finance-final-stip-round-1,20,"2,00,000",Failed,7,20,26-09-2023 15:51,13-10-2023 00:46,2174,5,['proposal'],ITUblockchain,14,"[{'extras': None, 'description': 'Original Poster', 'user_id': 12963, 'primary_group_id': None, 'flair_group_id': None}, {'extras': None, 'description': 'Frequent Poster', 'user_id': 6319, 'primary_group_id': None, 'flair_group_id': None}, {'extras': None, 'description': 'Frequent Poster', 'user_id': 6580, 'primary_group_id': None, 'flair_group_id': None}, {'extras': None, 'description': 'Frequent Poster', 'user_id': 12983, 'primary_group_id': None, 'flair_group_id': None}, {'extras': 'latest', 'description': 'Most Recent Poster', 'user_id': 3964, 'primary_group_id': None, 'flair_group_id': None}]",12963
16732,[D2.finance] [FINAL] [STIP - Round 1],[D2.finance] [FINAL] [STIP - Round 1],d2-finance-final-stip-round-1,32,"5,00,000",Failed,16,33,22-09-2023 13:17,13-10-2023 00:43,2588,55,[],ITUblockchain,14,"[{'extras': None, 'description': 'Original Poster', 'user_id': 11830, 'primary_group_id': None, 'flair_group_id': None}, {'extras': None, 'description': 'Frequent Poster', 'user_id': 12741, 'primary_group_id': None, 'flair_group_id': None}, {'extras': None, 'description': 'Frequent Poster', 'user_id': 12708, 'primary_group_id': None, 'flair_group_id': None}, {'extras': None, 'description': 'Frequent Poster', 'user_id': 6319, 'primary_group_id': None, 'flair_group_id': None}, {'extras': 'latest', 'description': 'Most Recent Poster', 'user_id': 3964, 'primary_group_id': None, 'flair_group_id': None}]",11830
17198,[Curve] [FINAL] [STIP - Round 1],[Curve] [FINAL] [STIP - Round 1],curve-final-stip-round-1,25,"16,00,000",Passed,7,27,26-09-2023 21:33,13-10-2023 00:18,3195,38,['proposal'],DisruptionJoe,14,"[{'extras': None, 'description': 'Original Poster', 'user_id': 12893, 'primary_group_id': None, 'flair_group_id': None}, {'extras': None, 'description': 'Frequent Poster', 'user_id': 6319, 'primary_group_id': None, 'flair_group_id': None}, {'extras': None, 'description': 'Frequent Poster', 'user_id': 12183, 'primary_group_id': None, 'flair_group_id': None}, {'extras': None, 'description': 'Frequent Poster', 'user_id': 8179, 'primary_group_id': None, 'flair_group_id': None}, {'extras': 'latest', 'description': 'Most Recent Poster', 'user_id': 7308, 'primary_group_id': None, 'flair_group_id': None}]",12893
17543,[UniDex] [FINAL] [STIP - Round 1],[UniDex] [FINAL] [STIP - Round 1],unidex-final-stip-round-1,34,"7,50,000",Failed,10,35,28-09-2023 02:58,13-10-2023 00:03,3517,146,['proposal'],ITUblockchain,14,"[{'extras': None, 'description': 'Original Poster', 'user_id': 12986, 'primary_group_id': None, 'flair_group_id': None}, {'extras': None, 'description': 'Frequent Poster', 'user_id': 13113, 'primary_group_id': None, 'flair_group_id': None}, {'extras': None, 'description': 'Frequent Poster', 'user_id': 13131, 'primary_group_id': None, 'flair_group_id': None}, {'extras': None, 'description': 'Frequent Poster', 'user_id': 11825, 'primary_group_id': None, 'flair_group_id': None}, {'extras': 'latest', 'description': 'Most Recent Poster', 'user_id': 3964, 'primary_group_id': None, 'flair_group_id': None}]",12986
17289,[Vaultka] [FINAL] [STIP - Round 1],[Vaultka] [FINAL] [STIP - Round 1],vaultka-final-stip-round-1,24,"6,00,000",Failed,10,24,27-09-2023 10:14,13-10-2023 00:02,2592,13,['proposal'],ITUblockchain,14,"[{'extras': None, 'description': 'Original Poster', 'user_id': 12436, 'primary_group_id': None, 'flair_group_id': None}, {'extras': None, 'description': 'Frequent Poster', 'user_id': 4461, 'primary_group_id': None, 'flair_group_id': None}, {'extras': None, 'description': 'Frequent Poster', 'user_id': 6319, 'primary_group_id': None, 'flair_group_id': None}, {'extras': None, 'description': 'Frequent Poster', 'user_id': 12183, 'primary_group_id': None, 'flair_group_id': None}, {'extras': 'latest', 'description': 'Most Recent Poster', 'user_id': 3964, 'primary_group_id': None, 'flair_group_id': None}]",12436
17043,[WOOFi] [FINAL] [STIP - Round 1],[WOOFi] [FINAL] [STIP - Round 1],woofi-final-stip-round-1,25,"10,00,000",Passed,5,25,26-09-2023 02:05,12-10-2023 23:50,3251,41,[],ITUblockchain,14,"[{'extras': None, 'description': 'Original Poster', 'user_id': 12331, 'primary_group_id': None, 'flair_group_id': None}, {'extras': None, 'description': 'Frequent Poster', 'user_id': 6319, 'primary_group_id': None, 'flair_group_id': None}, {'extras': None, 'description': 'Frequent Poster', 'user_id': 11825, 'primary_group_id': None, 'flair_group_id': None}, {'extras': None, 'description': 'Frequent Poster', 'user_id': 12183, 'primary_group_id': None, 'flair_group_id': None}, {'extras': 'latest', 'description': 'Most Recent Poster', 'user_id': 3964, 'primary_group_id': None, 'flair_group_id': None}]",12331
17177,[Artichoke Protocol][FINAL][STIP - Round 1],[Artichoke Protocol][FINAL][STIP - Round 1],artichoke-protocol-final-stip-round-1,17,"3,70,000",Failed,7,17,26-09-2023 18:12,12-10-2023 23:42,1861,8,[],ITUblockchain,14,"[{'extras': None, 'description': 'Original Poster', 'user_id': 12849, 'primary_group_id': None, 'flair_group_id': None}, {'extras': None, 'description': 'Frequent Poster', 'user_id': 4461, 'primary_group_id': None, 'flair_group_id': None}, {'extras': None, 'description': 'Frequent Poster', 'user_id': 13360, 'primary_group_id': None, 'flair_group_id': None}, {'extras': None, 'description': 'Frequent Poster', 'user_id': 12183, 'primary_group_id': None, 'flair_group_id': None}, {'extras': 'latest', 'description': 'Most Recent Poster', 'user_id': 3964, 'primary_group_id': None, 'flair_group_id': None}]",12849
17024,[CVI] [FINAL] [STIP - Round 1],[CVI] [FINAL] [STIP - Round 1],cvi-final-stip-round-1,12,"2,00,000",Passed,2,13,25-09-2023 22:23,12-10-2023 23:29,1749,14,[],ITUblockchain,14,"[{'extras': None, 'description': 'Original Poster', 'user_id': 12649, 'primary_group_id': None, 'flair_group_id': None}, {'extras': None, 'description': 'Frequent Poster', 'user_id': 12945, 'primary_group_id': None, 'flair_group_id': None}, {'extras': None, 'description': 'Frequent Poster', 'user_id': 12973, 'primary_group_id': None, 'flair_group_id': None}, {'extras': None, 'description': 'Frequent Poster', 'user_id': 6319, 'primary_group_id': None, 'flair_group_id': None}, {'extras': 'latest', 'description': 'Most Recent Poster', 'user_id': 3964, 'primary_group_id': None, 'flair_group_id': None}]",12649
17285,[Tales of Elleria] [FINAL] [STIP - Round 1],[Tales of Elleria] [FINAL] [STIP - Round 1],tales-of-elleria-final-stip-round-1,12,"50,000",Passed,1,12,27-09-2023 09:58,12-10-2023 22:32,2202,10,[],ITUblockchain,14,"[{'extras': None, 'description': 'Original Poster', 'user_id': 12744, 'primary_group_id': None, 'flair_group_id': None}, {'extras': None, 'description': 'Frequent Poster', 'user_id': 6319, 'primary_group_id': None, 'flair_group_id': None}, {'extras': None, 'description': 'Frequent Poster', 'user_id': 13500, 'primary_group_id': None, 'flair_group_id': None}, {'extras': None, 'description': 'Frequent Poster', 'user_id': 12963, 'primary_group_id': None, 'flair_group_id': None}, {'extras': 'latest', 'description': 'Most Recent Poster', 'user_id': 3964, 'primary_group_id': None, 'flair_group_id': None}]",12744
16709,[SpartaDEX] [FINAL] [STIP - Round 1],[SpartaDEX] [FINAL] [STIP - Round 1],spartadex-final-stip-round-1,64,"5,00,000",Failed,22,66,22-09-2023 09:14,12-10-2023 22:31,3625,226,[],ITUblockchain,14,"[{'extras': None, 'description': 'Original Poster', 'user_id': 12693, 'primary_group_id': None, 'flair_group_id': None}, {'extras': None, 'description': 'Frequent Poster', 'user_id': 12747, 'primary_group_id': None, 'flair_group_id': None}, {'extras': None, 'description': 'Frequent Poster', 'user_id': 12401, 'primary_group_id': None, 'flair_group_id': None}, {'extras': None, 'description': 'Frequent Poster', 'user_id': 6319, 'primary_group_id': None, 'flair_group_id': None}, {'extras': 'latest', 'description': 'Most Recent Poster', 'user_id': 3964, 'primary_group_id': None, 'flair_group_id': None}]",12693
16688,[NFTEarth] [FINAL] [STIP - Round 1],[NFTEarth] [FINAL] [STIP - Round 1],nftearth-final-stip-round-1,31,"1,95,000",Failed,29,53,22-09-2023 02:18,12-10-2023 22:30,3142,150,[],ITUblockchain,14,"[{'extras': None, 'description': 'Original Poster', 'user_id': 12703, 'primary_group_id': None, 'flair_group_id': None}, {'extras': None, 'description': 'Frequent Poster', 'user_id': 2073, 'primary_group_id': None, 'flair_group_id': None}, {'extras': None, 'description': 'Frequent Poster', 'user_id': 10298, 'primary_group_id': None, 'flair_group_id': None}, {'extras': None, 'description': 'Frequent Poster', 'user_id': 10318, 'primary_group_id': None, 'flair_group_id': None}, {'extras': 'latest', 'description': 'Most Recent Poster', 'user_id': 3964, 'primary_group_id': None, 'flair_group_id': None}]",12703
16975,[ApolloX] [FINAL] [STIP - Round 1],[ApolloX] [FINAL] [STIP - Round 1],apollox-final-stip-round-1,16,"6,40,000",Failed,1,16,25-09-2023 15:04,12-10-2023 22:28,1902,15,['proposal'],ITUblockchain,14,"[{'extras': None, 'description': 'Original Poster', 'user_id': 12879, 'primary_group_id': None, 'flair_group_id': None}, {'extras': None, 'description': 'Frequent Poster', 'user_id': 12436, 'primary_group_id': None, 'flair_group_id': None}, {'extras': None, 'description': 'Frequent Poster', 'user_id': 12401, 'primary_group_id': None, 'flair_group_id': None}, {'extras': None, 'description': 'Frequent Poster', 'user_id': 6319, 'primary_group_id': None, 'flair_group_id': None}, {'extras': 'latest', 'description': 'Most Recent Poster', 'user_id': 3964, 'primary_group_id': None, 'flair_group_id': None}]",12879
16755,[WINR Protocol] [FINAL] [STIP - Round 1],[WINR Protocol] [FINAL] [STIP - Round 1],winr-protocol-final-stip-round-1,38,"5,00,000",Passed,16,40,22-09-2023 15:14,12-10-2023 22:28,4096,78,['proposal'],ITUblockchain,14,"[{'extras': None, 'description': 'Original Poster', 'user_id': 12444, 'primary_group_id': None, 'flair_group_id': None}, {'extras': None, 'description': 'Frequent Poster', 'user_id': 12781, 'primary_group_id': None, 'flair_group_id': None}, {'extras': None, 'description': 'Frequent Poster', 'user_id': 7961, 'primary_group_id': None, 'flair_group_id': None}, {'extras': None, 'description': 'Frequent Poster', 'user_id': 12146, 'primary_group_id': None, 'flair_group_id': None}, {'extras': 'latest', 'description': 'Most Recent Poster', 'user_id': 3964, 'primary_group_id': None, 'flair_group_id': None}]",12444
16909,[Arbidex] [FINAL] [STIP - Round 1],[Arbidex] [FINAL] [STIP - Round 1],arbidex-final-stip-round-1,13,"2,40,000",Failed,7,13,24-09-2023 20:25,12-10-2023 22:17,1856,12,[],ITUblockchain,14,"[{'extras': None, 'description': 'Original Poster', 'user_id': 12844, 'primary_group_id': None, 'flair_group_id': None}, {'extras': None, 'description': 'Frequent Poster', 'user_id': 11737, 'primary_group_id': None, 'flair_group_id': None}, {'extras': None, 'description': 'Frequent Poster', 'user_id': 11821, 'primary_group_id': None, 'flair_group_id': None}, {'extras': None, 'description': 'Frequent Poster', 'user_id': 12382, 'primary_group_id': None, 'flair_group_id': None}, {'extras': 'latest', 'description': 'Most Recent Poster', 'user_id': 3964, 'primary_group_id': None, 'flair_group_id': None}]",12844
17159,[RabbitHole] [FINAL] [STIP - Round 1],[RabbitHole] [FINAL] [STIP - Round 1],rabbithole-final-stip-round-1,20,"10,00,000",Passed,4,22,26-09-2023 16:30,12-10-2023 22:15,3856,23,['proposal'],ITUblockchain,14,"[{'extras': None, 'description': 'Original Poster', 'user_id': 12789, 'primary_group_id': None, 'flair_group_id': None}, {'extras': None, 'description': 'Frequent Poster', 'user_id': 11821, 'primary_group_id': None, 'flair_group_id': None}, {'extras': None, 'description': 'Frequent Poster', 'user_id': 6319, 'primary_group_id': None, 'flair_group_id': None}, {'extras': None, 'description': 'Frequent Poster', 'user_id': 2689, 'primary_group_id': None, 'flair_group_id': None}, {'extras': 'latest', 'description': 'Most Recent Poster', 'user_id': 3964, 'primary_group_id': None, 'flair_group_id': None}]",12789
16720,[ALAYA] [FINAL] [STIP - Round 1],[ALAYA] [FINAL] [STIP - Round 1],alaya-final-stip-round-1,26,"5,00,000",Failed,25,39,22-09-2023 10:27,12-10-2023 22:03,2256,18,[],ITUblockchain,14,"[{'extras': None, 'description': 'Original Poster', 'user_id': 12722, 'primary_group_id': None, 'flair_group_id': None}, {'extras': None, 'description': 'Frequent Poster', 'user_id': 12382, 'primary_group_id': None, 'flair_group_id': None}, {'extras': None, 'description': 'Frequent Poster', 'user_id': 12401, 'primary_group_id': None, 'flair_group_id': None}, {'extras': None, 'description': 'Frequent Poster', 'user_id': 12183, 'primary_group_id': None, 'flair_group_id': None}, {'extras': 'latest', 'description': 'Most Recent Poster', 'user_id': 3964, 'primary_group_id': None, 'flair_group_id': None}]",12722
16818,[Dolomite] [FINAL] [STIP - Round 1],[Dolomite] [FINAL] [STIP - Round 1],dolomite-final-stip-round-1,38,"10,00,000",Passed,11,38,23-09-2023 03:06,12-10-2023 21:59,4061,79,[],ITUblockchain,14,"[{'extras': None, 'description': 'Original Poster', 'user_id': 12438, 'primary_group_id': None, 'flair_group_id': None}, {'extras': None, 'description': 'Frequent Poster', 'user_id': 12818, 'primary_group_id': None, 'flair_group_id': None}, {'extras': None, 'description': 'Frequent Poster', 'user_id': 6319, 'primary_group_id': None, 'flair_group_id': None}, {'extras': None, 'description': 'Frequent Poster', 'user_id': 12963, 'primary_group_id': None, 'flair_group_id': None}, {'extras': 'latest', 'description': 'Most Recent Poster', 'user_id': 3964, 'primary_group_id': None, 'flair_group_id': None}]",12438
17039,[Wombat Exchange] [FINAL] [STIP - Round 1],[Wombat Exchange] [FINAL] [STIP - Round 1],wombat-exchange-final-stip-round-1,27,"7,50,000",Failed,7,29,26-09-2023 01:10,12-10-2023 21:50,2180,32,['proposal'],ITUblockchain,14,"[{'extras': None, 'description': 'Original Poster', 'user_id': 12861, 'primary_group_id': None, 'flair_group_id': None}, {'extras': None, 'description': 'Frequent Poster', 'user_id': 12519, 'primary_group_id': None, 'flair_group_id': None}, {'extras': None, 'description': 'Frequent Poster', 'user_id': 6319, 'primary_group_id': None, 'flair_group_id': None}, {'extras': None, 'description': 'Frequent Poster', 'user_id': 13394, 'primary_group_id': None, 'flair_group_id': None}, {'extras': 'latest', 'description': 'Most Recent Poster', 'user_id': 3964, 'primary_group_id': None, 'flair_group_id': None}]",12861
17194,[Rysk] [FINAL] [STIP - Round 1],[Rysk] [FINAL] [STIP - Round 1],rysk-final-stip-round-1,27,"5,00,000",Passed,9,28,26-09-2023 21:06,12-10-2023 21:48,2705,142,[],ITUblockchain,14,"[{'extras': None, 'description': 'Original Poster', 'user_id': 7674, 'primary_group_id': None, 'flair_group_id': None}, {'extras': None, 'description': 'Frequent Poster', 'user_id': 7486, 'primary_group_id': None, 'flair_group_id': None}, {'extras': None, 'description': 'Frequent Poster', 'user_id': 6319, 'primary_group_id': None, 'flair_group_id': None}, {'extras': None, 'description': 'Frequent Poster', 'user_id': 11825, 'primary_group_id': None, 'flair_group_id': None}, {'extras': 'latest', 'description': 'Most Recent Poster', 'user_id': 3964, 'primary_group_id': None, 'flair_group_id': None}]",7674
17557,[Tally] [FINAL] [STIP - Round 1],[Tally] [FINAL] [STIP - Round 1],tally-final-stip-round-1,22,"2,00,000",Passed,8,23,28-09-2023 03:29,12-10-2023 17:11,2519,28,[],Frisson,14,"[{'extras': 'latest', 'description': 'Original Poster, Most Recent Poster', 'user_id': 4807, 'primary_group_id': None, 'flair_group_id': None}, {'extras': None, 'description': 'Frequent Poster', 'user_id': 6319, 'primary_group_id': None, 'flair_group_id': None}, {'extras': None, 'description': 'Frequent Poster', 'user_id': 12183, 'primary_group_id': None, 'flair_group_id': None}, {'extras': None, 'description': 'Frequent Poster', 'user_id': 12710, 'primary_group_id': None, 'flair_group_id': None}, {'extras': None, 'description': 'Frequent Poster', 'user_id': 3964, 'primary_group_id': None, 'flair_group_id': None}]",4807
17035,[Chronos Finance] [FINAL] [STIP - Round 1],[Chronos Finance] [FINAL] [STIP - Round 1],chronos-finance-final-stip-round-1,70,"5,25,000",Failed,54,75,25-09-2023 23:47,12-10-2023 16:55,4360,81,[],ITUblockchain,14,"[{'extras': None, 'description': 'Original Poster', 'user_id': 12488, 'primary_group_id': None, 'flair_group_id': None}, {'extras': None, 'description': 'Frequent Poster', 'user_id': 12957, 'primary_group_id': None, 'flair_group_id': None}, {'extras': None, 'description': 'Frequent Poster', 'user_id': 7961, 'primary_group_id': None, 'flair_group_id': None}, {'extras': None, 'description': 'Frequent Poster', 'user_id': 6319, 'primary_group_id': None, 'flair_group_id': None}, {'extras': 'latest', 'description': 'Most Recent Poster', 'user_id': 3964, 'primary_group_id': None, 'flair_group_id': None}]",12488
16579,[Frax Finance] [FINAL] [STIP - Round 1],[Frax Finance] [FINAL] [STIP - Round 1],frax-finance-final-stip-round-1,34,"15,00,000",Passed,7,36,20-09-2023 17:29,12-10-2023 16:46,4249,103,[],ITUblockchain,14,"[{'extras': None, 'description': 'Original Poster', 'user_id': 12574, 'primary_group_id': None, 'flair_group_id': None}, {'extras': None, 'description': 'Frequent Poster', 'user_id': 6319, 'primary_group_id': None, 'flair_group_id': None}, {'extras': None, 'description': 'Frequent Poster', 'user_id': 7334, 'primary_group_id': None, 'flair_group_id': None}, {'extras': None, 'description': 'Frequent Poster', 'user_id': 7603, 'primary_group_id': None, 'flair_group_id': None}, {'extras': 'latest', 'description': 'Most Recent Poster', 'user_id': 3964, 'primary_group_id': None, 'flair_group_id': None}]",12574
17014,[DefiEdge] [FINAL] [STIP - Round 1],[DefiEdge] [FINAL] [STIP - Round 1],defiedge-final-stip-round-1,24,"2,00,000",Passed,9,24,25-09-2023 20:09,12-10-2023 16:44,2100,30,['proposal'],ITUblockchain,14,"[{'extras': None, 'description': 'Original Poster', 'user_id': 12896, 'primary_group_id': None, 'flair_group_id': None}, {'extras': None, 'description': 'Frequent Poster', 'user_id': 6319, 'primary_group_id': None, 'flair_group_id': None}, {'extras': None, 'description': 'Frequent Poster', 'user_id': 12183, 'primary_group_id': None, 'flair_group_id': None}, {'extras': None, 'description': 'Frequent Poster', 'user_id': 12401, 'primary_group_id': None, 'flair_group_id': None}, {'extras': 'latest', 'description': 'Most Recent Poster', 'user_id': 3964, 'primary_group_id': None, 'flair_group_id': None}]",12896
16924,[QiDao] [FINAL] [STIP - Round 1],[QiDao] [FINAL] [STIP - Round 1],qidao-final-stip-round-1,31,"5,00,000",Failed,16,31,25-09-2023 03:46,12-10-2023 16:43,2413,83,[],ITUblockchain,14,"[{'extras': None, 'description': 'Original Poster', 'user_id': 11203, 'primary_group_id': None, 'flair_group_id': None}, {'extras': None, 'description': 'Frequent Poster', 'user_id': 12831, 'primary_group_id': None, 'flair_group_id': None}, {'extras': None, 'description': 'Frequent Poster', 'user_id': 12606, 'primary_group_id': None, 'flair_group_id': None}, {'extras': None, 'description': 'Frequent Poster', 'user_id': 6319, 'primary_group_id': None, 'flair_group_id': None}, {'extras': 'latest', 'description': 'Most Recent Poster', 'user_id': 3964, 'primary_group_id': None, 'flair_group_id': None}]",11203
17344,[Timeswap] [FINAL] [STIP - Round 1],[Timeswap] [FINAL] [STIP - Round 1],timeswap-final-stip-round-1,26,"2,00,000",Passed,6,26,27-09-2023 14:45,12-10-2023 16:43,2862,71,[],ITUblockchain,14,"[{'extras': None, 'description': 'Original Poster', 'user_id': 12925, 'primary_group_id': None, 'flair_group_id': None}, {'extras': None, 'description': 'Frequent Poster', 'user_id': 6319, 'primary_group_id': None, 'flair_group_id': None}, {'extras': None, 'description': 'Frequent Poster', 'user_id': 13555, 'primary_group_id': None, 'flair_group_id': None}, {'extras': None, 'description': 'Frequent Poster', 'user_id': 12710, 'primary_group_id': None, 'flair_group_id': None}, {'extras': 'latest', 'description': 'Most Recent Poster', 'user_id': 3964, 'primary_group_id': None, 'flair_group_id': None}]",12925
17136,[PancakeSwap] [FINAL] [STIP - Round 1],[PancakeSwap] [FINAL] [STIP - Round 1],pancakeswap-final-stip-round-1,38,"2,00,000",Passed,17,38,26-09-2023 14:57,12-10-2023 16:41,3180,76,[],ITUblockchain,14,"[{'extras': None, 'description': 'Original Poster', 'user_id': 12493, 'primary_group_id': None, 'flair_group_id': None}, {'extras': None, 'description': 'Frequent Poster', 'user_id': 11821, 'primary_group_id': None, 'flair_group_id': None}, {'extras': None, 'description': 'Frequent Poster', 'user_id': 11977, 'primary_group_id': None, 'flair_group_id': None}, {'extras': None, 'description': 'Frequent Poster', 'user_id': 11825, 'primary_group_id': None, 'flair_group_id': None}, {'extras': 'latest', 'description': 'Most Recent Poster', 'user_id': 3964, 'primary_group_id': None, 'flair_group_id': None}]",12493
16936,[LOGX] [FINAL] [STIP - Round 1],[LOGX] [FINAL] [STIP - Round 1],logx-final-stip-round-1,16,"7,50,000",Failed,7,16,25-09-2023 07:03,12-10-2023 16:28,1524,19,['proposal'],ITUblockchain,14,"[{'extras': None, 'description': 'Original Poster', 'user_id': 12814, 'primary_group_id': None, 'flair_group_id': None}, {'extras': None, 'description': 'Frequent Poster', 'user_id': 12856, 'primary_group_id': None, 'flair_group_id': None}, {'extras': None, 'description': 'Frequent Poster', 'user_id': 12909, 'primary_group_id': None, 'flair_group_id': None}, {'extras': None, 'description': 'Frequent Poster', 'user_id': 6319, 'primary_group_id': None, 'flair_group_id': None}, {'extras': 'latest', 'description': 'Most Recent Poster', 'user_id': 3964, 'primary_group_id': None, 'flair_group_id': None}]",12814
17226,[KeplerHomes] [FINAL] [STIP - Round 1],[KeplerHomes] [FINAL] [STIP - Round 1],keplerhomes-final-stip-round-1,11,"9,60,000",Failed,2,12,27-09-2023 03:42,12-10-2023 16:27,1279,6,[],ITUblockchain,14,"[{'extras': None, 'description': 'Original Poster', 'user_id': 12460, 'primary_group_id': None, 'flair_group_id': None}, {'extras': None, 'description': 'Frequent Poster', 'user_id': 13002, 'primary_group_id': None, 'flair_group_id': None}, {'extras': None, 'description': 'Frequent Poster', 'user_id': 6319, 'primary_group_id': None, 'flair_group_id': None}, {'extras': None, 'description': 'Frequent Poster', 'user_id': 12183, 'primary_group_id': None, 'flair_group_id': None}, {'extras': 'latest', 'description': 'Most Recent Poster', 'user_id': 3964, 'primary_group_id': None, 'flair_group_id': None}]",12460
17192,[Prime Protocol] [FINAL] [STIP - Round 1],[Prime Protocol] [FINAL] [STIP - Round 1],prime-protocol-final-stip-round-1,12,"3,00,000",Passed,6,13,26-09-2023 20:18,12-10-2023 16:25,1508,4,['proposal'],ITUblockchain,14,"[{'extras': None, 'description': 'Original Poster', 'user_id': 12983, 'primary_group_id': None, 'flair_group_id': None}, {'extras': None, 'description': 'Frequent Poster', 'user_id': 12401, 'primary_group_id': None, 'flair_group_id': None}, {'extras': None, 'description': 'Frequent Poster', 'user_id': 6319, 'primary_group_id': None, 'flair_group_id': None}, {'extras': None, 'description': 'Frequent Poster', 'user_id': 12183, 'primary_group_id': None, 'flair_group_id': None}, {'extras': 'latest', 'description': 'Most Recent Poster', 'user_id': 3964, 'primary_group_id': None, 'flair_group_id': None}]",12983
16645,[Dopex] [FINAL] [STIP - Round 1],[Dopex] [FINAL] [STIP - Round 1],dopex-final-stip-round-1,46,"15,00,000",Passed,15,48,21-09-2023 12:55,12-10-2023 16:23,4738,111,['proposal'],ITUblockchain,14,"[{'extras': None, 'description': 'Original Poster', 'user_id': 10426, 'primary_group_id': None, 'flair_group_id': None}, {'extras': None, 'description': 'Frequent Poster', 'user_id': 12662, 'primary_group_id': None, 'flair_group_id': None}, {'extras': None, 'description': 'Frequent Poster', 'user_id': 12856, 'primary_group_id': None, 'flair_group_id': None}, {'extras': None, 'description': 'Frequent Poster', 'user_id': 6319, 'primary_group_id': None, 'flair_group_id': None}, {'extras': 'latest', 'description': 'Most Recent Poster', 'user_id': 3964, 'primary_group_id': None, 'flair_group_id': None}]",10426
17540,[MUX Protocol] [FINAL] [STIP - Round 1],[MUX Protocol] [FINAL] [STIP - Round 1],mux-protocol-final-stip-round-1,36,"60,00,000",Passed,14,37,28-09-2023 02:56,12-10-2023 16:19,3789,38,[],ITUblockchain,14,"[{'extras': None, 'description': 'Original Poster', 'user_id': 12293, 'primary_group_id': None, 'flair_group_id': None}, {'extras': None, 'description': 'Frequent Poster', 'user_id': 6319, 'primary_group_id': None, 'flair_group_id': None}, {'extras': None, 'description': 'Frequent Poster', 'user_id': 11825, 'primary_group_id': None, 'flair_group_id': None}, {'extras': None, 'description': 'Frequent Poster', 'user_id': 12910, 'primary_group_id': None, 'flair_group_id': None}, {'extras': 'latest', 'description': 'Most Recent Poster', 'user_id': 3964, 'primary_group_id': None, 'flair_group_id': None}]",12293
17121,[Webacy] [FINAL] [STIP - Round 1],[Webacy] [FINAL] [STIP - Round 1],webacy-final-stip-round-1,25,"8,12,600",Failed,8,25,26-09-2023 14:05,12-10-2023 15:41,1983,17,[],maika,14,"[{'extras': 'latest', 'description': 'Original Poster, Most Recent Poster', 'user_id': 12953, 'primary_group_id': None, 'flair_group_id': None}, {'extras': None, 'description': 'Frequent Poster', 'user_id': 6319, 'primary_group_id': None, 'flair_group_id': None}, {'extras': None, 'description': 'Frequent Poster', 'user_id': 10318, 'primary_group_id': None, 'flair_group_id': None}, {'extras': None, 'description': 'Frequent Poster', 'user_id': 6529, 'primary_group_id': None, 'flair_group_id': None}, {'extras': None, 'description': 'Frequent Poster', 'user_id': 3964, 'primary_group_id': None, 'flair_group_id': None}]",12953
16640,[Silo Finance] [FINAL] [STIP - Round 1],[Silo Finance] [FINAL] [STIP - Round 1],silo-finance-final-stip-round-1,36,"10,00,000",Passed,17,37,21-09-2023 09:46,12-10-2023 14:43,4336,83,[],Tenzent,14,"[{'extras': None, 'description': 'Original Poster', 'user_id': 12691, 'primary_group_id': None, 'flair_group_id': None}, {'extras': None, 'description': 'Frequent Poster', 'user_id': 6319, 'primary_group_id': None, 'flair_group_id': None}, {'extras': None, 'description': 'Frequent Poster', 'user_id': 11825, 'primary_group_id': None, 'flair_group_id': None}, {'extras': None, 'description': 'Frequent Poster', 'user_id': 3964, 'primary_group_id': None, 'flair_group_id': None}, {'extras': 'latest', 'description': 'Most Recent Poster', 'user_id': 12974, 'primary_group_id': None, 'flair_group_id': None}]",12691
17537,[unshETH] [FINAL] [STIP - Round 1],[unshETH] [FINAL] [STIP - Round 1],unsheth-final-stip-round-1,28,"3,75,000",Passed,5,28,28-09-2023 02:46,12-10-2023 13:46,2748,37,[],wagmi,14,"[{'extras': None, 'description': 'Original Poster', 'user_id': 13132, 'primary_group_id': None, 'flair_group_id': None}, {'extras': None, 'description': 'Frequent Poster', 'user_id': 6319, 'primary_group_id': None, 'flair_group_id': None}, {'extras': None, 'description': 'Frequent Poster', 'user_id': 6529, 'primary_group_id': None, 'flair_group_id': None}, {'extras': None, 'description': 'Frequent Poster', 'user_id': 8179, 'primary_group_id': None, 'flair_group_id': None}, {'extras': 'latest', 'description': 'Most Recent Poster', 'user_id': 11974, 'primary_group_id': None, 'flair_group_id': None}]",13132
17546,[Relay Chain: James Bot] [FINAL] [STIP - Round 1],[Relay Chain: James Bot] [FINAL] [STIP - Round 1],relay-chain-james-bot-final-stip-round-1,15,"4,00,000",Failed,6,15,28-09-2023 03:11,12-10-2023 10:48,1675,6,['proposal'],ITUblockchain,14,"[{'extras': None, 'description': 'Original Poster', 'user_id': 13135, 'primary_group_id': None, 'flair_group_id': None}, {'extras': None, 'description': 'Frequent Poster', 'user_id': 12831, 'primary_group_id': None, 'flair_group_id': None}, {'extras': None, 'description': 'Frequent Poster', 'user_id': 12401, 'primary_group_id': None, 'flair_group_id': None}, {'extras': None, 'description': 'Frequent Poster', 'user_id': 4461, 'primary_group_id': None, 'flair_group_id': None}, {'extras': 'latest', 'description': 'Most Recent Poster', 'user_id': 3964, 'primary_group_id': None, 'flair_group_id': None}]",13135
16988,[dForce] [FINAL] [ STIP - Round 1],[dForce] [FINAL] [ STIP - Round 1],dforce-final-stip-round-1,20,"10,00,000",Passed,10,21,25-09-2023 16:40,12-10-2023 10:47,2030,19,['proposal'],ITUblockchain,14,"[{'extras': None, 'description': 'Original Poster', 'user_id': 12640, 'primary_group_id': None, 'flair_group_id': None}, {'extras': None, 'description': 'Frequent Poster', 'user_id': 13012, 'primary_group_id': None, 'flair_group_id': None}, {'extras': None, 'description': 'Frequent Poster', 'user_id': 12856, 'primary_group_id': None, 'flair_group_id': None}, {'extras': None, 'description': 'Frequent Poster', 'user_id': 11826, 'primary_group_id': None, 'flair_group_id': None}, {'extras': 'latest', 'description': 'Most Recent Poster', 'user_id': 3964, 'primary_group_id': None, 'flair_group_id': None}]",12640
17454,[Wombex Finance] [FINAL] [STIP - Round 1],[Wombex Finance] [FINAL] [STIP - Round 1],wombex-finance-final-stip-round-1,9,"2,00,000",Failed,2,9,27-09-2023 21:28,12-10-2023 10:46,1485,0,[],ITUblockchain,14,"[{'extras': None, 'description': 'Original Poster', 'user_id': 13094, 'primary_group_id': None, 'flair_group_id': None}, {'extras': None, 'description': 'Frequent Poster', 'user_id': 6319, 'primary_group_id': None, 'flair_group_id': None}, {'extras': None, 'description': 'Frequent Poster', 'user_id': 12183, 'primary_group_id': None, 'flair_group_id': None}, {'extras': 'latest', 'description': 'Most Recent Poster', 'user_id': 3964, 'primary_group_id': None, 'flair_group_id': None}]",13094
17236,[Solv Protocol] [FINAL] [STIP - Round 1],[Solv Protocol] [FINAL] [STIP - Round 1],solv-protocol-final-stip-round-1,17,"1,50,000",Passed,8,17,27-09-2023 04:22,12-10-2023 10:44,2221,12,[],ITUblockchain,14,"[{'extras': None, 'description': 'Original Poster', 'user_id': 13003, 'primary_group_id': None, 'flair_group_id': None}, {'extras': None, 'description': 'Frequent Poster', 'user_id': 12856, 'primary_group_id': None, 'flair_group_id': None}, {'extras': None, 'description': 'Frequent Poster', 'user_id': 13429, 'primary_group_id': None, 'flair_group_id': None}, {'extras': None, 'description': 'Frequent Poster', 'user_id': 6319, 'primary_group_id': None, 'flair_group_id': None}, {'extras': 'latest', 'description': 'Most Recent Poster', 'user_id': 3964, 'primary_group_id': None, 'flair_group_id': None}]",13003
16648,"[Magpie, Penpie, Radpie, Campie] [FINAL] [STIP - Round 1]","[Magpie, Penpie, Radpie, Campie] [FINAL] [STIP - Round 1]",magpie-penpie-radpie-campie-final-stip-round-1,54,"12,50,000",Passed,21,54,21-09-2023 14:28,12-10-2023 10:43,3939,82,[],ITUblockchain,14,"[{'extras': None, 'description': 'Original Poster', 'user_id': 11844, 'primary_group_id': None, 'flair_group_id': None}, {'extras': None, 'description': 'Frequent Poster', 'user_id': 11821, 'primary_group_id': None, 'flair_group_id': None}, {'extras': None, 'description': 'Frequent Poster', 'user_id': 6319, 'primary_group_id': None, 'flair_group_id': None}, {'extras': None, 'description': 'Frequent Poster', 'user_id': 11825, 'primary_group_id': None, 'flair_group_id': None}, {'extras': 'latest', 'description': 'Most Recent Poster', 'user_id': 3964, 'primary_group_id': None, 'flair_group_id': None}]",11844
17300,[OmniBTC] [FINAL] [STIP - Round 1],[OmniBTC] [FINAL] [STIP - Round 1],omnibtc-final-stip-round-1,17,"2,00,000",Failed,11,19,27-09-2023 11:18,12-10-2023 10:42,1765,8,['proposal'],ITUblockchain,14,"[{'extras': None, 'description': 'Original Poster', 'user_id': 12999, 'primary_group_id': None, 'flair_group_id': None}, {'extras': None, 'description': 'Frequent Poster', 'user_id': 11821, 'primary_group_id': None, 'flair_group_id': None}, {'extras': None, 'description': 'Frequent Poster', 'user_id': 6319, 'primary_group_id': None, 'flair_group_id': None}, {'extras': None, 'description': 'Frequent Poster', 'user_id': 12183, 'primary_group_id': None, 'flair_group_id': None}, {'extras': 'latest', 'description': 'Most Recent Poster', 'user_id': 3964, 'primary_group_id': None, 'flair_group_id': None}]",12999
16999,[CRYPTEX FINANCE] [FINAL] [STIP - Round 1],[CRYPTEX FINANCE] [FINAL] [STIP - Round 1],cryptex-finance-final-stip-round-1,10,"13,00,000",Failed,3,10,25-09-2023 18:20,12-10-2023 09:16,1837,15,[],ITUblockchain,14,"[{'extras': None, 'description': 'Original Poster', 'user_id': 12715, 'primary_group_id': None, 'flair_group_id': None}, {'extras': None, 'description': 'Frequent Poster', 'user_id': 11927, 'primary_group_id': None, 'flair_group_id': None}, {'extras': None, 'description': 'Frequent Poster', 'user_id': 6319, 'primary_group_id': None, 'flair_group_id': None}, {'extras': None, 'description': 'Frequent Poster', 'user_id': 12183, 'primary_group_id': None, 'flair_group_id': None}, {'extras': 'latest', 'description': 'Most Recent Poster', 'user_id': 3964, 'primary_group_id': None, 'flair_group_id': None}]",12715
17222,[0xGen] [FINAL] [STIP - Round 1],[0xGen] [FINAL] [STIP - Round 1],0xgen-final-stip-round-1,10,"2,00,000",Failed,6,10,27-09-2023 03:01,12-10-2023 09:15,1610,0,['proposal'],ITUblockchain,14,"[{'extras': None, 'description': 'Original Poster', 'user_id': 12926, 'primary_group_id': None, 'flair_group_id': None}, {'extras': None, 'description': 'Frequent Poster', 'user_id': 6319, 'primary_group_id': None, 'flair_group_id': None}, {'extras': None, 'description': 'Frequent Poster', 'user_id': 12183, 'primary_group_id': None, 'flair_group_id': None}, {'extras': 'latest', 'description': 'Most Recent Poster', 'user_id': 3964, 'primary_group_id': None, 'flair_group_id': None}]",12926
17109,[Abracadabra DAO (MIM)] [FINAL] [STIP - Round 1],[Abracadabra DAO (MIM)] [FINAL] [STIP - Round 1],abracadabra-dao-mim-final-stip-round-1,33,"15,00,000",Passed,14,34,26-09-2023 12:56,12-10-2023 09:11,3382,93,[],ITUblockchain,14,"[{'extras': None, 'description': 'Original Poster', 'user_id': 12927, 'primary_group_id': None, 'flair_group_id': None}, {'extras': None, 'description': 'Frequent Poster', 'user_id': 12950, 'primary_group_id': None, 'flair_group_id': None}, {'extras': None, 'description': 'Frequent Poster', 'user_id': 11825, 'primary_group_id': None, 'flair_group_id': None}, {'extras': None, 'description': 'Frequent Poster', 'user_id': 12445, 'primary_group_id': None, 'flair_group_id': None}, {'extras': 'latest', 'description': 'Most Recent Poster', 'user_id': 3964, 'primary_group_id': None, 'flair_group_id': None}]",12927
17326,[Modular Wallet] [FINAL] [STIP - Round 1],[Modular Wallet] [FINAL] [STIP - Round 1],modular-wallet-final-stip-round-1,11,"2,00,000",Failed,5,12,27-09-2023 12:58,12-10-2023 09:06,1902,7,[],ITUblockchain,14,"[{'extras': None, 'description': 'Original Poster', 'user_id': 13045, 'primary_group_id': None, 'flair_group_id': None}, {'extras': None, 'description': 'Frequent Poster', 'user_id': 4461, 'primary_group_id': None, 'flair_group_id': None}, {'extras': None, 'description': 'Frequent Poster', 'user_id': 6319, 'primary_group_id': None, 'flair_group_id': None}, {'extras': 'latest', 'description': 'Most Recent Poster', 'user_id': 3964, 'primary_group_id': None, 'flair_group_id': None}]",13045
17245,[CIAN] [FINAL] [STIP - Round 1],[CIAN] [FINAL] [STIP - Round 1],cian-final-stip-round-1,11,"3,80,000",Failed,6,13,27-09-2023 06:39,12-10-2023 09:06,1884,11,['proposal'],ITUblockchain,14,"[{'extras': None, 'description': 'Original Poster', 'user_id': 12719, 'primary_group_id': None, 'flair_group_id': None}, {'extras': None, 'description': 'Frequent Poster', 'user_id': 13010, 'primary_group_id': None, 'flair_group_id': None}, {'extras': None, 'description': 'Frequent Poster', 'user_id': 6319, 'primary_group_id': None, 'flair_group_id': None}, {'extras': None, 'description': 'Frequent Poster', 'user_id': 12183, 'primary_group_id': None, 'flair_group_id': None}, {'extras': 'latest', 'description': 'Most Recent Poster', 'user_id': 3964, 'primary_group_id': None, 'flair_group_id': None}]",12719
17325,[Archi Finance][FINAL][STIP - Round 1],[Archi Finance][FINAL][STIP - Round 1],archi-finance-final-stip-round-1,14,"7,50,000",Failed,2,14,27-09-2023 12:52,12-10-2023 09:03,2179,5,[],ITUblockchain,14,"[{'extras': None, 'description': 'Original Poster', 'user_id': 12919, 'primary_group_id': None, 'flair_group_id': None}, {'extras': None, 'description': 'Frequent Poster', 'user_id': 6319, 'primary_group_id': None, 'flair_group_id': None}, {'extras': None, 'description': 'Frequent Poster', 'user_id': 12183, 'primary_group_id': None, 'flair_group_id': None}, {'extras': None, 'description': 'Frequent Poster', 'user_id': 7334, 'primary_group_id': None, 'flair_group_id': None}, {'extras': 'latest', 'description': 'Most Recent Poster', 'user_id': 3964, 'primary_group_id': None, 'flair_group_id': None}]",12919
16848,[Notional] [FINAL] [STIP - Round 1],[Notional] [FINAL] [STIP - Round 1],notional-final-stip-round-1,15,"5,00,000",Passed,2,15,23-09-2023 14:08,12-10-2023 08:38,2101,9,['proposal'],ITUblockchain,14,"[{'extras': None, 'description': 'Original Poster', 'user_id': 12778, 'primary_group_id': None, 'flair_group_id': None}, {'extras': None, 'description': 'Frequent Poster', 'user_id': 7961, 'primary_group_id': None, 'flair_group_id': None}, {'extras': None, 'description': 'Frequent Poster', 'user_id': 6319, 'primary_group_id': None, 'flair_group_id': None}, {'extras': None, 'description': 'Frequent Poster', 'user_id': 12963, 'primary_group_id': None, 'flair_group_id': None}, {'extras': 'latest', 'description': 'Most Recent Poster', 'user_id': 3964, 'primary_group_id': None, 'flair_group_id': None}]",12778
17328,[Stella] [FINAL] [STIP - Round 1],[Stella] [FINAL] [STIP - Round 1],stella-final-stip-round-1,21,"1,86,000",Passed,3,21,27-09-2023 13:07,12-10-2023 08:36,2391,23,[],ITUblockchain,14,"[{'extras': None, 'description': 'Original Poster', 'user_id': 11980, 'primary_group_id': None, 'flair_group_id': None}, {'extras': None, 'description': 'Frequent Poster', 'user_id': 6319, 'primary_group_id': None, 'flair_group_id': None}, {'extras': None, 'description': 'Frequent Poster', 'user_id': 12183, 'primary_group_id': None, 'flair_group_id': None}, {'extras': None, 'description': 'Frequent Poster', 'user_id': 12493, 'primary_group_id': None, 'flair_group_id': None}, {'extras': 'latest', 'description': 'Most Recent Poster', 'user_id': 3964, 'primary_group_id': None, 'flair_group_id': None}]",11980
16565,[Arrakis Finance] [FINAL] [STIP - Round 1],[Arrakis Finance] [FINAL] [STIP - Round 1],arrakis-finance-final-stip-round-1,28,"8,06,000",Passed,14,30,20-09-2023 12:59,12-10-2023 07:12,3153,20,['proposal'],Squirrel,14,"[{'extras': 'latest', 'description': 'Original Poster, Most Recent Poster', 'user_id': 12650, 'primary_group_id': None, 'flair_group_id': None}, {'extras': None, 'description': 'Frequent Poster', 'user_id': 12606, 'primary_group_id': None, 'flair_group_id': None}, {'extras': None, 'description': 'Frequent Poster', 'user_id': 12831, 'primary_group_id': None, 'flair_group_id': None}, {'extras': None, 'description': 'Frequent Poster', 'user_id': 6319, 'primary_group_id': None, 'flair_group_id': None}, {'extras': None, 'description': 'Frequent Poster', 'user_id': 3964, 'primary_group_id': None, 'flair_group_id': None}]",12650
17434,[Guru Network] [FINAL] [STIP - Round 1],[Guru Network] [FINAL] [STIP - Round 1],guru-network-final-stip-round-1,18,"1,33,700",Failed,5,19,27-09-2023 20:49,11-10-2023 22:09,1817,31,[],ITUblockchain,14,"[{'extras': None, 'description': 'Original Poster', 'user_id': 13073, 'primary_group_id': None, 'flair_group_id': None}, {'extras': None, 'description': 'Frequent Poster', 'user_id': 6319, 'primary_group_id': None, 'flair_group_id': None}, {'extras': None, 'description': 'Frequent Poster', 'user_id': 12183, 'primary_group_id': None, 'flair_group_id': None}, {'extras': None, 'description': 'Frequent Poster', 'user_id': 12648, 'primary_group_id': None, 'flair_group_id': None}, {'extras': 'latest', 'description': 'Most Recent Poster', 'user_id': 3964, 'primary_group_id': None, 'flair_group_id': None}]",13073
17517,[Shell Protocol] [FINAL] [STIP - Round 1],[Shell Protocol] [FINAL] [STIP - Round 1],shell-protocol-final-stip-round-1,24,"7,50,000",Passed,11,24,28-09-2023 01:57,11-10-2023 22:08,2757,39,[],ITUblockchain,14,"[{'extras': None, 'description': 'Original Poster', 'user_id': 13111, 'primary_group_id': None, 'flair_group_id': None}, {'extras': None, 'description': 'Frequent Poster', 'user_id': 13158, 'primary_group_id': None, 'flair_group_id': None}, {'extras': None, 'description': 'Frequent Poster', 'user_id': 6319, 'primary_group_id': None, 'flair_group_id': None}, {'extras': None, 'description': 'Frequent Poster', 'user_id': 12183, 'primary_group_id': None, 'flair_group_id': None}, {'extras': 'latest', 'description': 'Most Recent Poster', 'user_id': 3964, 'primary_group_id': None, 'flair_group_id': None}]",13111
17234,[Pendle][FINAL] [STIP - Round 1],[Pendle][FINAL] [STIP - Round 1],pendle-final-stip-round-1,33,"20,00,000",Passed,6,34,27-09-2023 04:19,11-10-2023 21:59,4157,86,['proposal'],ITUblockchain,14,"[{'extras': None, 'description': 'Original Poster', 'user_id': 7603, 'primary_group_id': None, 'flair_group_id': None}, {'extras': None, 'description': 'Frequent Poster', 'user_id': 6319, 'primary_group_id': None, 'flair_group_id': None}, {'extras': None, 'description': 'Frequent Poster', 'user_id': 12710, 'primary_group_id': None, 'flair_group_id': None}, {'extras': None, 'description': 'Frequent Poster', 'user_id': 12910, 'primary_group_id': None, 'flair_group_id': None}, {'extras': 'latest', 'description': 'Most Recent Poster', 'user_id': 3964, 'primary_group_id': None, 'flair_group_id': None}]",7603
17306,[XY Finance] [FINAL] [STIP - Round 1],[XY Finance] [FINAL] [STIP - Round 1],xy-finance-final-stip-round-1,9,"5,00,000",Failed,1,9,27-09-2023 11:44,11-10-2023 21:42,1572,5,[],ITUblockchain,14,"[{'extras': None, 'description': 'Original Poster', 'user_id': 13020, 'primary_group_id': None, 'flair_group_id': None}, {'extras': None, 'description': 'Frequent Poster', 'user_id': 6319, 'primary_group_id': None, 'flair_group_id': None}, {'extras': None, 'description': 'Frequent Poster', 'user_id': 12183, 'primary_group_id': None, 'flair_group_id': None}, {'extras': None, 'description': 'Frequent Poster', 'user_id': 8179, 'primary_group_id': None, 'flair_group_id': None}, {'extras': 'latest', 'description': 'Most Recent Poster', 'user_id': 3964, 'primary_group_id': None, 'flair_group_id': None}]",13020
16941,[JOJO Exchange] [FINAL] [STIP - Round 1],[JOJO Exchange] [FINAL] [STIP - Round 1],jojo-exchange-final-stip-round-1,23,"2,00,000",Passed,15,23,25-09-2023 08:16,11-10-2023 21:38,2869,24,[],ITUblockchain,14,"[{'extras': None, 'description': 'Original Poster', 'user_id': 12860, 'primary_group_id': None, 'flair_group_id': None}, {'extras': None, 'description': 'Frequent Poster', 'user_id': 12856, 'primary_group_id': None, 'flair_group_id': None}, {'extras': None, 'description': 'Frequent Poster', 'user_id': 12382, 'primary_group_id': None, 'flair_group_id': None}, {'extras': None, 'description': 'Frequent Poster', 'user_id': 6319, 'primary_group_id': None, 'flair_group_id': None}, {'extras': 'latest', 'description': 'Most Recent Poster', 'user_id': 3964, 'primary_group_id': None, 'flair_group_id': None}]",12860
17180,[GMD Ecosystem] [FINAL] [STIP - Round 1],[GMD Ecosystem] [FINAL] [STIP - Round 1],gmd-ecosystem-final-stip-round-1,30,"800,000-1,050,000",Failed,13,32,26-09-2023 18:23,11-10-2023 21:37,2847,59,[],ITUblockchain,14,"[{'extras': None, 'description': 'Original Poster', 'user_id': 12076, 'primary_group_id': None, 'flair_group_id': None}, {'extras': None, 'description': 'Frequent Poster', 'user_id': 13301, 'primary_group_id': None, 'flair_group_id': None}, {'extras': None, 'description': 'Frequent Poster', 'user_id': 12606, 'primary_group_id': None, 'flair_group_id': None}, {'extras': None, 'description': 'Frequent Poster', 'user_id': 6319, 'primary_group_id': None, 'flair_group_id': None}, {'extras': 'latest', 'description': 'Most Recent Poster', 'user_id': 3964, 'primary_group_id': None, 'flair_group_id': None}]",12076
17507,[Stargate Finance] [FINAL] [STIP - Round 1],[Stargate Finance] [FINAL] [STIP - Round 1],stargate-finance-final-stip-round-1,16,"20,00,000",Passed,6,16,28-09-2023 01:33,11-10-2023 21:35,2394,22,[],ITUblockchain,14,"[{'extras': None, 'description': 'Original Poster', 'user_id': 13099, 'primary_group_id': None, 'flair_group_id': None}, {'extras': None, 'description': 'Frequent Poster', 'user_id': 7334, 'primary_group_id': None, 'flair_group_id': None}, {'extras': None, 'description': 'Frequent Poster', 'user_id': 6319, 'primary_group_id': None, 'flair_group_id': None}, {'extras': None, 'description': 'Frequent Poster', 'user_id': 12183, 'primary_group_id': None, 'flair_group_id': None}, {'extras': 'latest', 'description': 'Most Recent Poster', 'user_id': 3964, 'primary_group_id': None, 'flair_group_id': None}]",13099
17119,[Lido] [FINAL] [STIP - Round 1],[Lido] [FINAL] [STIP - Round 1],lido-final-stip-round-1,57,"40,00,000",Failed,25,58,26-09-2023 13:59,11-10-2023 21:34,4564,174,[],ITUblockchain,14,"[{'extras': None, 'description': 'Original Poster', 'user_id': 12883, 'primary_group_id': None, 'flair_group_id': None}, {'extras': None, 'description': 'Frequent Poster', 'user_id': 12431, 'primary_group_id': None, 'flair_group_id': None}, {'extras': None, 'description': 'Frequent Poster', 'user_id': 12401, 'primary_group_id': None, 'flair_group_id': None}, {'extras': None, 'description': 'Frequent Poster', 'user_id': 6319, 'primary_group_id': None, 'flair_group_id': None}, {'extras': 'latest', 'description': 'Most Recent Poster', 'user_id': 3964, 'primary_group_id': None, 'flair_group_id': None}]",12883
17280,[Vela Exchange] [FINAL] [STIP - Round 1],[Vela Exchange] [FINAL] [STIP - Round 1],vela-exchange-final-stip-round-1,31,"10,00,000",Passed,7,31,27-09-2023 09:43,11-10-2023 21:33,2993,82,[],ITUblockchain,14,"[{'extras': None, 'description': 'Original Poster', 'user_id': 12440, 'primary_group_id': None, 'flair_group_id': None}, {'extras': None, 'description': 'Frequent Poster', 'user_id': 6319, 'primary_group_id': None, 'flair_group_id': None}, {'extras': None, 'description': 'Frequent Poster', 'user_id': 12183, 'primary_group_id': None, 'flair_group_id': None}, {'extras': None, 'description': 'Frequent Poster', 'user_id': 10122, 'primary_group_id': None, 'flair_group_id': None}, {'extras': 'latest', 'description': 'Most Recent Poster', 'user_id': 3964, 'primary_group_id': None, 'flair_group_id': None}]",12440
17022,[tBTC] [FINAL] [STIP - Round 1],[tBTC] [FINAL] [STIP - Round 1],tbtc-final-stip-round-1,14,"7,50,000",Failed,8,14,25-09-2023 21:37,11-10-2023 21:32,1855,30,[],ITUblockchain,14,"[{'extras': None, 'description': 'Original Poster', 'user_id': 12902, 'primary_group_id': None, 'flair_group_id': None}, {'extras': None, 'description': 'Frequent Poster', 'user_id': 11821, 'primary_group_id': None, 'flair_group_id': None}, {'extras': None, 'description': 'Frequent Poster', 'user_id': 4461, 'primary_group_id': None, 'flair_group_id': None}, {'extras': None, 'description': 'Frequent Poster', 'user_id': 6319, 'primary_group_id': None, 'flair_group_id': None}, {'extras': 'latest', 'description': 'Most Recent Poster', 'user_id': 3964, 'primary_group_id': None, 'flair_group_id': None}]",12902
17370,[Equilibria] [FINAL] [STIP - Round 1],[Equilibria] [FINAL] [STIP - Round 1],equilibria-final-stip-round-1,29,"7,50,000",Failed,7,30,27-09-2023 15:49,11-10-2023 21:28,2115,55,['proposal'],ITUblockchain,14,"[{'extras': None, 'description': 'Original Poster', 'user_id': 12943, 'primary_group_id': None, 'flair_group_id': None}, {'extras': None, 'description': 'Frequent Poster', 'user_id': 6702, 'primary_group_id': None, 'flair_group_id': None}, {'extras': None, 'description': 'Frequent Poster', 'user_id': 13321, 'primary_group_id': None, 'flair_group_id': None}, {'extras': None, 'description': 'Frequent Poster', 'user_id': 6319, 'primary_group_id': None, 'flair_group_id': None}, {'extras': 'latest', 'description': 'Most Recent Poster', 'user_id': 3964, 'primary_group_id': None, 'flair_group_id': None}]",12943
17132,[Range Protocol] [FINAL] [STIP - Round 1],[Range Protocol] [FINAL] [STIP - Round 1],range-protocol-final-stip-round-1,11,"4,50,000",Failed,3,12,26-09-2023 14:45,04-10-2023 02:38,1470,2,['proposal'],cliffton.eth,14,"[{'extras': None, 'description': 'Original Poster', 'user_id': 12901, 'primary_group_id': None, 'flair_group_id': None}, {'extras': None, 'description': 'Frequent Poster', 'user_id': 12401, 'primary_group_id': None, 'flair_group_id': None}, {'extras': None, 'description': 'Frequent Poster', 'user_id': 12711, 'primary_group_id': None, 'flair_group_id': None}, {'extras': None, 'description': 'Frequent Poster', 'user_id': 12606, 'primary_group_id': None, 'flair_group_id': None}, {'extras': 'latest', 'description': 'Most Recent Poster', 'user_id': 12183, 'primary_group_id': None, 'flair_group_id': None}]",12901
